[{"family":"MaterialIcons","fonts":[{"asset":"fonts/MaterialIcons-Regular.otf"}]},{"family":"Roboto","fonts":[{"weight":400,"asset":"assets/font/Roboto-Regular.ttf"},{"weight":500,"asset":"assets/font/Roboto-Medium.ttf"},{"weight":700,"asset":"assets/font/Roboto-Bold.ttf"},{"weight":900,"asset":"assets/font/Roboto-Black.ttf"}]},{"family":"Italianno","fonts":[{"weight":400,"asset":"assets/font/Italianno-Regular.ttf"}]},{"family":"packages/cupertino_icons/CupertinoIcons","fonts":[{"asset":"packages/cupertino_icons/assets/CupertinoIcons.ttf"}]}]